이,미, ,사,용, ,중,인, ,U,R,L, ,입,니,다,.,"
",다,른, ,U,R,L,을, ,사,용,해, ,주,십,시,오,.
이,미, ,사,용, ,중,인, ,U,R,L, ,입,니,다,.,"
",다,른, ,U,R,L,을, ,사,용,해, ,주,십,시,오,.
이,미, ,사,용, ,중,인, ,U,R,L, ,입,니,다,.,"
",다,른, ,U,R,L,을, ,사,용,해, ,주,십,시,오,.
이,미, ,사,용, ,중,인, ,U,R,L, ,입,니,다,.,"
",다,른, ,U,R,L,을, ,사,용,해, ,주,십,시,오,.
이,미, ,사,용, ,중,인, ,U,R,L, ,입,니,다,.,"
",다,른, ,U,R,L,을, ,사,용,해, ,주,십,시,오,.
이,미, ,사,용, ,중,인, ,U,R,L, ,입,니,다,.,"
",다,른, ,U,R,L,을, ,사,용,해, ,주,십,시,오,.
트,위,터,",", ,인,스,타,",", ,페,북,은, ,신,고,대,상,이, ,S,N,S,계,정, ,사,이,트,·,게,시,물,로, ,신,고,됩,니,다,.
이,미, ,사,용, ,중,인, ,U,R,L, ,입,니,다,.,"
",다,른, ,U,R,L,을, ,사,용,해, ,주,십,시,오,.
이,미, ,사,용, ,중,인, ,U,R,L, ,입,니,다,.,"
",다,른, ,U,R,L,을, ,사,용,해, ,주,십,시,오,.
