Apple (대한민국),https://www.apple.com/kr/
Apple - 나무위키,https://namu.wiki/w/Apple
Apple - Twitter,https://twitter.com/apple
Apple Inc. - Wikipedia,https://en.wikipedia.org/wiki/Apple_Inc.
@apple • Instagram photos and videos,https://www.instagram.com/apple/?hl=ko
Apple - LinkedIn,https://www.linkedin.com/company/apple
"AppleInsider: Apple News, Rumors, Reviews, Prices & Deals",https://appleinsider.com/
영어로 apple의 뜻,https://dictionary.cambridge.org/ko/%EC%82%AC%EC%A0%84/%EC%98%81%EC%96%B4/apple
Apple will reportedly move some iPad capacity to Vietnam ...,https://www.cnbc.com/2022/06/01/apple-will-reportedly-move-some-ipad-capacity-from-china-to-vietnam.html
Apple to shift iPad capacity to Vietnam amid China supply ...,https://asia.nikkei.com/Spotlight/Supply-Chain/Apple-to-shift-iPad-capacity-to-Vietnam-amid-China-supply-chain-woes
New Apple iPhones: Buy or Compare Models - T-Mobile,https://www.t-mobile.com/cell-phones/brand/apple
Apple - The Verge,https://www.theverge.com/apple
Apple Aiming to Make iPad More Mac-Like With iPadOS 16 ...,https://www.macrumors.com/2022/06/02/ipados-16-multitasking-updates/
What to expect from Apple's WWDC 2022 keynote - TechCrunch,https://techcrunch.com/2022/06/02/what-to-expect-from-apples-wwdc-2022-keynote/
"Macworld - News, Tips & Reviews from the Apple Experts",https://www.macworld.com/
Apple - 홈,https://ko-kr.facebook.com/apple/
Tesla is considering adopting Apple's AirPlay to improve ...,https://electrek.co/2022/05/31/tesla-apple-airplay-improve-audio-quality/
"Remembering Apple's Newton, 30 years on - Ars Technica",https://arstechnica.com/gadgets/2022/06/remembering-apples-newton-30-years-on/
Thinking of Changing Careers to IT? Apple Could Train You,https://www.cnet.com/tech/services-and-software/thinking-of-changing-careers-to-it-apple-could-train-you/
Apple Plans to Make the iPad More Like a Laptop and Less ...,https://www.bloomberg.com/news/articles/2022-06-02/apple-to-upgrade-its-ipad-software-in-bid-to-satisfy-pro-users
애플트리 부산경성대아이폰수리,https://apltree.modoo.at/
위니아에이드 Apple서비스 사상센터,https://m.winiaaid.com/support/service/detail/529
"Apple Inc. | History, Products, Headquarters, & Facts | Britannica",https://www.britannica.com/topic/Apple-Inc
그랜드 애플,http://www.grandapple.co.kr/
Apple's VR headset needs to be a hit—for itself and the VR ...,https://finance.yahoo.com/news/apples-vr-headset-needs-to-be-a-hit-183556946.html
