"<div class=""TbwUpd NJjxre""><cite class=""iUh30 tjvcx"" role=""text"">https://www.pmang-no1.com</cite></div>","<div class=""TbwUpd NJjxre""><cite class=""iUh30 qLRx3b tjvcx"" role=""text"">https://money777.info<span class=""dyjrff qzEoUe"" role=""text""> › 피망 머니상</span></cite></div>","<div class=""TbwUpd NJjxre""><cite class=""iUh30 tjvcx"" role=""text"">https://pmang-cash.com</cite></div>","<div class=""TbwUpd NJjxre""><cite class=""iUh30 qLRx3b tjvcx"" role=""text"">https://pokermoney.me<span class=""dyjrff qzEoUe"" role=""text""> › 피망머니상</span></cite></div>","<div class=""TbwUpd NJjxre""><cite class=""iUh30 tjvcx"" role=""text"">https://kingmoney-pmang.com</cite></div>","<div class=""TbwUpd NJjxre""><cite class=""iUh30 qLRx3b tjvcx"" role=""text"">https://pmangpoker.com<span class=""dyjrff qzEoUe"" role=""text""> › content › 머니상-시세</span></cite></div>","<div class=""TbwUpd NJjxre""><cite class=""iUh30 qLRx3b tjvcx"" role=""text"">https://mobile.twitter.com<span class=""dyjrff qzEoUe"" role=""text""> › haebo7</span></cite></div>","<div class=""TbwUpd NJjxre""><cite class=""iUh30 qLRx3b tjvcx"" role=""text"">https://www.pinterest.es<span class=""dyjrff qzEoUe"" role=""text""> › pin</span></cite></div>","<div class=""TbwUpd NJjxre""><cite class=""iUh30 tjvcx"" role=""text"">https://pmang.me</cite></div>"
"<div class=""TbwUpd NJjxre""><cite class=""iUh30 qLRx3b tjvcx"" role=""text"">https://sites.google.com<span class=""dyjrff qzEoUe"" role=""text""> › site</span></cite></div>","<div class=""TbwUpd NJjxre""><cite class=""iUh30 qLRx3b tjvcx"" role=""text"">https://pmangyes.com<span class=""dyjrff qzEoUe"" role=""text""> › 블로그</span></cite></div>","<div class=""TbwUpd NJjxre""><cite class=""iUh30 tjvcx"" role=""text"">https://netmarblegood-mn.com</cite></div>","<div class=""TbwUpd NJjxre""><cite class=""iUh30 qLRx3b tjvcx"" role=""text"">https://net-marble.com<span class=""dyjrff qzEoUe"" role=""text""> › tag › 피망포커머니-거래방법</span></cite></div>","<div class=""TbwUpd NJjxre""><cite class=""iUh30 qLRx3b tjvcx"" role=""text"">https://www.jobbank.gc.ca<span class=""dyjrff qzEoUe"" role=""text""> › jobsearch › jobsearch › dk...</span></cite></div>","<div class=""TbwUpd NJjxre""><cite class=""iUh30 qLRx3b tjvcx"" role=""text"">https://www.tumblr.com<span class=""dyjrff qzEoUe"" role=""text""> › tagged › 피망게임머니상</span></cite></div>","<div class=""TbwUpd NJjxre""><cite class=""iUh30 qLRx3b tjvcx"" role=""text"">https://swap-nph.com<span class=""dyjrff qzEoUe"" role=""text""> › 피망머니상</span></cite></div>","<div class=""TbwUpd NJjxre""><cite class=""iUh30 qLRx3b tjvcx"" role=""text"">https://www.wattpad.com<span class=""dyjrff qzEoUe"" role=""text""> › stories › 피망머니시세</span></cite></div>","<div class=""TbwUpd NJjxre""><cite class=""iUh30 qLRx3b tjvcx"" role=""text"">https://www.facebook.com<span class=""dyjrff qzEoUe"" role=""text""> › hashtag › 피망머니상</span></cite></div>","<div class=""TbwUpd NJjxre""><cite class=""iUh30 tjvcx"" role=""text"">https://pmang.sitebaro.com</cite></div>"
"<div class=""TbwUpd NJjxre""><cite class=""iUh30 qLRx3b tjvcx"" role=""text"">https://www.synonyms.com<span class=""dyjrff qzEoUe"" role=""text""> › synonym › 피망n포커판...</span></cite></div>","<div class=""TbwUpd NJjxre""><cite class=""iUh30 qLRx3b tjvcx"" role=""text"">https://www.artofit.org<span class=""dyjrff qzEoUe"" role=""text""> › image-gallery › 피망머니상</span></cite></div>","<div class=""TbwUpd NJjxre""><cite class=""iUh30 qLRx3b tjvcx"" role=""text"">https://www.tumgir.com<span class=""dyjrff qzEoUe"" role=""text""> › tag › 머니상</span></cite></div>","<div class=""TbwUpd NJjxre""><cite class=""iUh30 qLRx3b tjvcx"" role=""text"">https://피망머니상.money-sang.co.kr<span class=""dyjrff qzEoUe"" role=""text""> › 피망머니상</span></cite></div>","<div class=""TbwUpd NJjxre""><cite class=""iUh30 qLRx3b tjvcx"" role=""text"">https://www.abbreviations.com<span class=""dyjrff qzEoUe"" role=""text""> › serp › st=피망머니상 ...</span></cite></div>","<div class=""TbwUpd NJjxre""><cite class=""iUh30 qLRx3b tjvcx"" role=""text"">https://www.definitions.net<span class=""dyjrff qzEoUe"" role=""text""> › pronounce › 피망포커머니...</span></cite></div>","<div class=""TbwUpd NJjxre""><cite class=""iUh30 qLRx3b tjvcx"" role=""text"">https://p8131.tumblr.com<span class=""dyjrff qzEoUe"" role=""text""> › post › 피망머니거래상-통...</span></cite></div>","<div class=""TbwUpd NJjxre""><cite class=""iUh30 tjvcx"" role=""text"">https://0v6cp21i.tistory.com</cite></div>","<div class=""TbwUpd NJjxre""><cite class=""iUh30 tjvcx"" role=""text"">https://activistasporelclima.tumblr.com</cite></div>","<div class=""TbwUpd NJjxre""><cite class=""iUh30 tjvcx"" role=""text"">https://1l0m1n1l3f.tumblr.com</cite></div>"
"<div class=""TbwUpd NJjxre""><cite class=""iUh30 qLRx3b tjvcx"" role=""text"">http://kangchin.com<span class=""dyjrff qzEoUe"" role=""text""> › ...</span></cite></div>","<div class=""TbwUpd NJjxre""><cite class=""iUh30 tjvcx"" role=""text"">https://playpoker-m.com</cite></div>","<div class=""TbwUpd NJjxre""><cite class=""iUh30 qLRx3b tjvcx"" role=""text"">https://pmang-m.com<span class=""dyjrff qzEoUe"" role=""text""> › tag › 한게임-머니-직거래</span></cite></div>","<div class=""TbwUpd NJjxre""><cite class=""iUh30 tjvcx"" role=""text"">https://coincoin168.weebly.com</cite></div>","<div class=""TbwUpd NJjxre""><cite class=""iUh30 qLRx3b tjvcx"" role=""text"">https://netmalrble-money.com<span class=""dyjrff qzEoUe"" role=""text""> › tag › 피망-맞고머니-...</span></cite></div>","<div class=""TbwUpd NJjxre""><cite class=""iUh30 qLRx3b tjvcx"" role=""text"">https://netmarblemom.tumblr.com<span class=""dyjrff qzEoUe"" role=""text""> › post › 피망-머니상...</span></cite></div>","<div class=""TbwUpd NJjxre""><cite class=""iUh30 tjvcx"" role=""text"">https://0n6g3m3m.tumblr.com</cite></div>","<div class=""TbwUpd NJjxre""><cite class=""iUh30 tjvcx"" role=""text"">https://2w1t8i6t4v.tumblr.com</cite></div>","<div class=""TbwUpd NJjxre""><cite class=""iUh30 tjvcx"" role=""text"">https://4ov75j8dw1.tumblr.com</cite></div>","<div class=""TbwUpd NJjxre""><cite class=""iUh30 tjvcx"" role=""text"">https://netmarbleme.tumblr.com</cite></div>"
"<div class=""TbwUpd NJjxre""><cite class=""iUh30 tjvcx"" role=""text"">https://x16e6k8h.tistory.com</cite></div>","<div class=""TbwUpd NJjxre""><cite class=""iUh30 tjvcx"" role=""text"">https://mornysang.blogspot.com</cite></div>","<div class=""TbwUpd NJjxre""><cite class=""iUh30 tjvcx"" role=""text"">https://넷마블머니상.net</cite></div>","<div class=""TbwUpd NJjxre""><cite class=""iUh30 tjvcx"" role=""text"">https://e36tv37v.tistory.com</cite></div>","<div class=""TbwUpd NJjxre""><cite class=""iUh30 qLRx3b tjvcx"" role=""text"">https://www.reddit.com<span class=""dyjrff qzEoUe"" role=""text""> › pmangmoney › comments</span></cite></div>","<div class=""TbwUpd NJjxre""><cite class=""iUh30 qLRx3b tjvcx"" role=""text"">https://m.blog.naver.com<span class=""dyjrff qzEoUe"" role=""text""> › dorma880</span></cite></div>","<div class=""TbwUpd NJjxre""><cite class=""iUh30 qLRx3b tjvcx"" role=""text"">https://dilbert.com<span class=""dyjrff qzEoUe"" role=""text""> › search_results › terms=피망포커머...</span></cite></div>","<div class=""TbwUpd NJjxre""><cite class=""iUh30 qLRx3b tjvcx"" role=""text"">https://hangame-m.com<span class=""dyjrff qzEoUe"" role=""text""> › 피망머니상</span></cite></div>","<div class=""TbwUpd NJjxre""><cite class=""iUh30 tjvcx"" role=""text"">https://대박머니.com</cite></div>","<div class=""TbwUpd NJjxre""><cite class=""iUh30 tjvcx"" role=""text"">https://올인머니.com</cite></div>"
"<div class=""TbwUpd NJjxre""><cite class=""iUh30 qLRx3b tjvcx"" role=""text"">https://www.youtube.com<span class=""dyjrff qzEoUe"" role=""text""> › watch</span></cite></div>","<div class=""TbwUpd NJjxre""><cite class=""iUh30 tjvcx"" role=""text"">https://daebbangmoney.com</cite></div>","<div class=""TbwUpd NJjxre""><cite class=""iUh30 tjvcx"" role=""text"">https://poke-change.com</cite></div>","<div class=""TbwUpd NJjxre""><cite class=""iUh30 tjvcx"" role=""text"">https://youandjunmoney.org</cite></div>","<div class=""TbwUpd NJjxre""><cite class=""iUh30 tjvcx"" role=""text"">https://play-pokers.com</cite></div>","<div class=""TbwUpd NJjxre""><cite class=""iUh30 tjvcx"" role=""text"">https://www.activistasporelclima.com</cite></div>","<div class=""TbwUpd NJjxre""><cite class=""iUh30 tjvcx"" role=""text"">https://goldmoneysang.com</cite></div>","<div class=""TbwUpd NJjxre""><cite class=""iUh30 tjvcx"" role=""text"">https://www.ny-vendee.com</cite></div>","<div class=""TbwUpd NJjxre""><cite class=""iUh30 qLRx3b tjvcx"" role=""text"">https://pmang-game.com<span class=""dyjrff qzEoUe"" role=""text""> › bbs › current_connect</span></cite></div>","<div class=""TbwUpd NJjxre""><cite class=""iUh30 qLRx3b tjvcx"" role=""text"">https://pmanggame.com<span class=""dyjrff qzEoUe"" role=""text""> › bbs › current_connect</span></cite></div>"
"<div class=""TbwUpd NJjxre""><cite class=""iUh30 tjvcx"" role=""text"">https://mgold-money.com</cite></div>","<div class=""TbwUpd NJjxre""><cite class=""iUh30 qLRx3b tjvcx"" role=""text"">https://pmangexchange.com<span class=""dyjrff qzEoUe"" role=""text""> › content › 피망슬롯-칩</span></cite></div>","<div class=""TbwUpd NJjxre""><cite class=""iUh30 qLRx3b tjvcx"" role=""text"">https://pmangexchange.com<span class=""dyjrff qzEoUe"" role=""text""> › bbs › current_connect</span></cite></div>","<div class=""TbwUpd NJjxre""><cite class=""iUh30 tjvcx"" role=""text"">https://mrbank4u.wordpress.com</cite></div>","<div class=""TbwUpd NJjxre""><cite class=""iUh30 tjvcx"" role=""text"">https://www.blackgoldbiofuels.com</cite></div>","<div class=""TbwUpd NJjxre""><cite class=""iUh30 qLRx3b tjvcx"" role=""text"">https://dolmoney.com<span class=""dyjrff qzEoUe"" role=""text""> › 피망머니상</span></cite></div>","<div class=""TbwUpd NJjxre""><cite class=""iUh30 tjvcx"" role=""text"">https://stellanwamp.com</cite></div>","<div class=""TbwUpd NJjxre""><cite class=""iUh30 tjvcx"" role=""text"">https://capslockcrewofficial.com</cite></div>","<div class=""TbwUpd NJjxre""><cite class=""iUh30 qLRx3b tjvcx"" role=""text"">https://pmangmoney.net<span class=""dyjrff qzEoUe"" role=""text""> › content › 머니상-시세</span></cite></div>","<div class=""TbwUpd NJjxre""><cite class=""iUh30 qLRx3b tjvcx"" role=""text"">https://shouters.ru<span class=""dyjrff qzEoUe"" role=""text""> › 1633-n-포커-시세</span></cite></div>"



