애플 맥 스튜디오 개봉기(Apple Mac Studio Unboxing) 및 데스크 세팅,https://m.blog.naver.com/sugizun/222722554574
애플워치7 카카오톡 쇼핑하기 5월 할인 메가위크 Apple 기획전에서 겟!,https://m.blog.naver.com/smy2166/222734758778
[Apple WATCH SE] 애플워치 Nike SE 40mm,https://m.blog.naver.com/targa3136/222727430068
아이폰 카메라 및 액정 공식Apple센터 수리 후기,https://m.blog.naver.com/jeonpic02/222736846730
Apple 셋톱박스 없이 애플TV를 시청해 보자,https://m.blog.naver.com/kimjk2239/222709889461
[TIP] Apple 계정으로 원스토어 혜택 이용하기,https://m.cafe.naver.com/realfarm/758017?art=ZXh0ZXJuYWwtc2VydmljZS1uYXZlci1zZWFyY2gtY2FmZS1wcg.eyJhbGciOiJIUzI1NiIsInR5cCI6IkpXVCJ9.eyJjYWZlVHlwZSI6IkNBRkVfVVJMIiwiY2FmZVVybCI6InJlYWxmYXJtIiwiYXJ0aWNsZUlkIjo3NTgwMTcsImlzc3VlZEF0IjoxNjUyOTMyNDI2MDU5fQ.4vACsvFcG7N3Y1n8l5skGSgZLFPXY4Ia2BGtEJRVFqg
애플 클래시컬(Apple Classical)출시 임박!,https://m.cafe.naver.com/audiodudu/470286?art=ZXh0ZXJuYWwtc2VydmljZS1uYXZlci1zZWFyY2gtY2FmZS1wcg.eyJhbGciOiJIUzI1NiIsInR5cCI6IkpXVCJ9.eyJjYWZlVHlwZSI6IkNBRkVfVVJMIiwiY2FmZVVybCI6ImF1ZGlvZHVkdSIsImFydGljbGVJZCI6NDcwMjg2LCJpc3N1ZWRBdCI6MTY1MjkzMjQyNjA2MH0.kwbOnLIIlldiPbEF57Efv774uM3vw0nFfdCufAEAjIY
애플워치7 vs apple watch se 내돈내산 리뷰,https://m.blog.naver.com/chmade/222707000728
Apple TV 파친코 재밌어요,https://m.cafe.naver.com/secretcontessa/153274?art=ZXh0ZXJuYWwtc2VydmljZS1uYXZlci1zZWFyY2gtY2FmZS1wcg.eyJhbGciOiJIUzI1NiIsInR5cCI6IkpXVCJ9.eyJjYWZlVHlwZSI6IkNBRkVfVVJMIiwiY2FmZVVybCI6InNlY3JldGNvbnRlc3NhIiwiYXJ0aWNsZUlkIjoxNTMyNzQsImlzc3VlZEF0IjoxNjUyOTMyNDI2MDYxfQ.L8vI8reteVxk6-WfK87IOGMtK88JRWEP3Qjs-tcNF5E
Apple 명동 방문후기 :) 애플스토어 3호점,https://m.blog.naver.com/ebwsh/222729155331
apple ii gs to scart,https://m.cafe.naver.com/appleii/19350?art=ZXh0ZXJuYWwtc2VydmljZS1uYXZlci1zZWFyY2gtY2FmZS1wcg.eyJhbGciOiJIUzI1NiIsInR5cCI6IkpXVCJ9.eyJjYWZlVHlwZSI6IkNBRkVfVVJMIiwiY2FmZVVybCI6ImFwcGxlaWkiLCJhcnRpY2xlSWQiOjE5MzUwLCJpc3N1ZWRBdCI6MTY1MjkzMjQyNjA2Mn0.IyTSO8eIII0tFgwVtr4uGCyXDRiuEG3vx9AAvf7oQlM
"미국주식 배당주 입금(MO,O,QYLD,APPLE,ABBV)",https://m.blog.naver.com/ksgood/222736181380
Apple 애플워치 7 GPS 41mm 미드나이트 알루미늄,https://m.blog.naver.com/yazzya/222720494364
"다운로드 : Apple, 마침내 iOS 15.5, iPadOS 15.5, macOS 12.4 및 watchOS 8.6 RC 빌드 출시",https://m.cafe.naver.com/windows10user/24518?art=ZXh0ZXJuYWwtc2VydmljZS1uYXZlci1zZWFyY2gtY2FmZS1wcg.eyJhbGciOiJIUzI1NiIsInR5cCI6IkpXVCJ9.eyJjYWZlVHlwZSI6IkNBRkVfVVJMIiwiY2FmZVVybCI6IndpbmRvd3MxMHVzZXIiLCJhcnRpY2xlSWQiOjI0NTE4LCJpc3N1ZWRBdCI6MTY1MjkzMjQyNjA2NH0.iCL5z2cmfSX17f1of0qnnxLAcTNeh0Vhxzy4vQKHtoQ
Apple TV+ '럭' 8월 5일 전 세계 공개 확정! 티저 예고편 공개,https://m.blog.naver.com/withinnews/222734398581
[라스베가스 공연 정보 ] 새로운 라스베가스 공연을 보고 싶어? 라스베가스 성인쇼 '매드 애플' (Mad Apple),https://m.blog.naver.com/welasvegas/222732032090
유럽의 봄 풍경을 그린 카미유 피사로의 작품 '퐁투아즈의 사과나무 풍경(Apple Trees at Pontoise)',https://m.blog.naver.com/jwwoo0/222726002401
"싱숭생숭, 봄이라서 그래 "" Mrs. GREEN APPLE - 춘수 (春愁) """,https://m.blog.naver.com/brit102/222729881079
"Apple TV+ Severance 드라마, 영상인가 사진인가?",https://m.blog.naver.com/akinterv/222701863758
"Apple, 셀프서비스 프로그램 미국부터 시작",https://m.blog.naver.com/kmug/222716490009
[Apple Music] Music-Fi 22년 4월 추천곡 리스트,https://m.cafe.naver.com/portablehires/33829?art=ZXh0ZXJuYWwtc2VydmljZS1uYXZlci1zZWFyY2gtY2FmZS1wcg.eyJhbGciOiJIUzI1NiIsInR5cCI6IkpXVCJ9.eyJjYWZlVHlwZSI6IkNBRkVfVVJMIiwiY2FmZVVybCI6InBvcnRhYmxlaGlyZXMiLCJhcnRpY2xlSWQiOjMzODI5LCJpc3N1ZWRBdCI6MTY1MjkzMjQyNjA2N30.Eb8H4lOoPGoJboQudW_OXyAGa-Rw07Y46FwjKkA0D8Y
다이어트 식단) 건강한 단짠단짠 들기름 사과 두부면 Apple tofu noodles with perilla oil,https://m.blog.naver.com/sarkyu0110/222713091762
Seeking Alpha로 영어 공부하기 APPLE(APPL) Earning Call Transcript Tim Cook Chief Executive...,https://m.blog.naver.com/vivid1122/222733277925
APPLE 결제 33000원 어디에 쓰는 걸까요?,https://m.cafe.naver.com/malltail/6386637?art=ZXh0ZXJuYWwtc2VydmljZS1uYXZlci1zZWFyY2gtY2FmZS1wcg.eyJhbGciOiJIUzI1NiIsInR5cCI6IkpXVCJ9.eyJjYWZlVHlwZSI6IkNBRkVfVVJMIiwiY2FmZVVybCI6Im1hbGx0YWlsIiwiYXJ0aWNsZUlkIjo2Mzg2NjM3LCJpc3N1ZWRBdCI6MTY1MjkzMjQyNjA2OX0.N-RFnni6gkRFm0s4NTc16nir1wadYS-KztNF8sGasYM
명동 가볼만한곳 애플스토어 Apple 명동,https://m.blog.naver.com/jinidag/222708675576
"★ 아마존 별점 4.6, 애플 에어팟 3세대 Apple AirPods (3rd Generation) $179 --> $149.99 세일해요~",https://m.blog.naver.com/rorotip/222737815461
apple iPad Pro 11형 (3세대) 128GB,https://m.blog.naver.com/loveing_yj/222707268238
"아이패드에어4구입/중등선물 (Apple iPad air4세대,wifi,256GB)",https://m.blog.naver.com/anisuni/222716404757
한달이 지나서야 올리는 Apple 명동 후기,https://m.cafe.naver.com/appleiphone/7294559?art=ZXh0ZXJuYWwtc2VydmljZS1uYXZlci1zZWFyY2gtY2FmZS1wcg.eyJhbGciOiJIUzI1NiIsInR5cCI6IkpXVCJ9.eyJjYWZlVHlwZSI6IkNBRkVfVVJMIiwiY2FmZVVybCI6ImFwcGxlaXBob25lIiwiYXJ0aWNsZUlkIjo3Mjk0NTU5LCJpc3N1ZWRBdCI6MTY1MjkzMjQyNjA3MX0.GT46HmJUbnH0WFoXnxc_6Gb7PuoK64fFCeOCUKyNSjc
Apple Magic Trackpad 2 팝스킨입니다.,https://m.blog.naver.com/navstudio/222716620865
